<?xml version="1.0" ?>
<container xmlns="http://symfony.com/schema/dic/services"
           xmlns:xsi="http://www.w3.org/2001/XMLSchema-instance"
           xsi:schemaLocation="http://symfony.com/schema/dic/services http://symfony.com/schema/dic/services/services-1.0.xsd">
    <services>
        <!-- DataMapper -->
        <service id="sulu_content.template_data_mapper" class="Sulu\Content\Application\ContentDataMapper\DataMapper\TemplateDataMapper">
            <argument type="service" id="sulu_admin.metadata_provider_registry"/>

            <tag name="sulu_content.data_mapper" priority="128"/>
        </service>

        <service id="sulu_content.excerpt_data_mapper" class="Sulu\Content\Application\ContentDataMapper\DataMapper\ExcerptDataMapper">
            <argument type="service" id="sulu_content.tag_factory"/>
            <argument type="service" id="sulu_content.category_factory"/>
            <argument type="service" id="sulu_audience_targeting.target_group_factory" on-invalid="null"/>

            <tag name="sulu_content.data_mapper" priority="64"/>
        </service>

        <service id="sulu_content.seo_data_mapper" class="Sulu\Content\Application\ContentDataMapper\DataMapper\SeoDataMapper">
            <tag name="sulu_content.data_mapper" priority="32"/>
        </service>

        <service id="sulu_content.workflow_data_mapper" class="Sulu\Content\Application\ContentDataMapper\DataMapper\WorkflowDataMapper">
            <argument type="service" id="sulu_content.content_workflow"/>

            <tag name="sulu_content.data_mapper" priority="24"/>
        </service>

        <service id="sulu_content.webspace_data_mapper" class="Sulu\Content\Application\ContentDataMapper\DataMapper\WebspaceDataMapper">
            <argument type="service" id="sulu_core.webspace.webspace_manager"/>

            <tag name="sulu_content.data_mapper" priority="16"/>
        </service>

        <service id="sulu_content.author_data_mapper" class="Sulu\Content\Application\ContentDataMapper\DataMapper\AuthorDataMapper">
            <argument type="service" id="sulu_content.contact_factory"/>

            <tag name="sulu_content.data_mapper" priority="8"/>
        </service>

        <service id="sulu_content.shadow_data_mapper" class="Sulu\Content\Application\ContentDataMapper\DataMapper\ShadowDataMapper">
            <tag name="sulu_content.data_mapper" priority="4"/>
        </service>

        <service id="sulu_content.link_data_mapper" class="Sulu\Content\Application\ContentDataMapper\DataMapper\LinkDataMapper">
            <tag name="sulu_content.data_mapper" priority="2"/>
        </service>

        <service id="sulu_content.route_data_mapper" class="Sulu\Content\Application\ContentDataMapper\DataMapper\RoutableDataMapper">
            <argument type="service" id="sulu_route.route_repository"/>
            <argument type="service" id="sulu_admin.metadata_provider_registry"/>

            <tag name="sulu_content.data_mapper" priority="-32"/>
        </service>
    </services>
</container>
