<?xml version="1.0" ?>
<container xmlns="http://symfony.com/schema/dic/services"
           xmlns:xsi="http://www.w3.org/2001/XMLSchema-instance"
           xsi:schemaLocation="http://symfony.com/schema/dic/services http://symfony.com/schema/dic/services/services-1.0.xsd">
    <services>
        <!-- main Content Resolver services -->
        <service id="sulu_content.resolvable_resource_loader" class="Sulu\Content\Application\ContentResolver\ResolvableResourceLoader\ResolvableResourceLoader">
            <argument type="service" id="sulu_content.resource_loader_provider" />
            <argument type="service" id="sulu_content.smart_resolver_provider" />
        </service>

        <service id="sulu_content.resolvable_resource_queue_processor" class="Sulu\Content\Application\ContentResolver\ResolvableResourceQueue\ResolvableResourceQueueProcessor" />
        <service id="sulu_content.resolvable_resource_replacer" class="Sulu\Content\Application\ContentResolver\ResolvableResourceReplacer\ResolvableResourceReplacer">
            <argument type="service" id="sulu_http_cache.reference_store"/>
        </service>

        <service id="sulu_content.content_view_resolver" class="Sulu\Content\Application\ContentResolver\ContentViewResolver\ContentViewResolver">
            <argument type="service" id="sulu_content.resolvable_resource_queue_processor" />
            <argument
                type="tagged_iterator"
                tag="sulu_content.content_resolver"
                index-by="type"
            />
        </service>

        <service id="sulu_content.content_view_data_normalizer" class="Sulu\Content\Application\ContentResolver\DataNormalizer\ContentViewDataNormalizer">
            <argument type="service" id="property_accessor" />
        </service>

        <!-- ContentEnhancer service -->
        <service id="sulu_content.content_enhancer" class="Sulu\Content\Application\ContentEnhancer\ContentEnhancer">
            <argument type="tagged_iterator" tag="sulu_content.dimension_content_enhancer"/>
        </service>
        <service id="Sulu\Content\Application\ContentEnhancer\ContentEnhancerInterface" alias="sulu_content.content_enhancer"/>

        <service id="sulu_content.content_resolver" class="Sulu\Content\Application\ContentResolver\ContentResolver" public="true">
            <argument type="service" id="sulu_content.content_view_resolver" />
            <argument type="service" id="sulu_content.resolvable_resource_loader" />
            <argument type="service" id="sulu_content.resolvable_resource_queue_processor" />
            <argument type="service" id="sulu_content.resolvable_resource_replacer" />
            <argument type="service" id="sulu_content.content_view_data_normalizer" />
            <argument type="service" id="sulu_content.content_aggregator" />
            <!--  TODO          <argument>%sulu_content.resource_resolver.max_depth%</argument>-->
            <argument>5</argument>
            <argument type="service" id="sulu_content.content_enhancer"/>
        </service>
        <service id="Sulu\Content\Application\ContentResolver\ContentResolverInterface" alias="sulu_content.content_resolver"/>

        <!-- Template Resolver -->
        <service id="sulu_content.template_resolver"
                 class="Sulu\Content\Application\ContentResolver\Resolver\TemplateResolver">
            <argument type="service" id="sulu_admin.form_metadata_provider"/>
            <argument type="service" id="sulu_content.metadata_resolver"/>

            <tag name="sulu_content.content_resolver" type="template"/>
        </service>

        <!-- Settings Resolver -->
        <service id="sulu_content.settings_resolver"
                 class="Sulu\Content\Application\ContentResolver\Resolver\SettingsResolver">
            <tag name="sulu_content.content_resolver" type="settings"/>
        </service>

        <!-- Excerpt Resolver -->
        <service id="sulu_content.excerpt_resolver"
                 class="Sulu\Content\Application\ContentResolver\Resolver\ExcerptResolver">
            <argument type="service" id="sulu_admin.form_metadata_provider"/>
            <argument type="service" id="sulu_content.metadata_resolver"/>

            <tag name="sulu_content.content_resolver" type="excerpt"/>
        </service>

        <!-- Seo Resolver -->
        <service id="sulu_content.seo_resolver"
                 class="Sulu\Content\Application\ContentResolver\Resolver\SeoResolver">
            <argument type="service" id="sulu_admin.form_metadata_provider"/>
            <argument type="service" id="sulu_content.metadata_resolver"/>

            <tag name="sulu_content.content_resolver" type="seo"/>
        </service>

        <!-- DimensionContent Resolver -->
        <service id="sulu_content.dimension_content_resolver"
                 class="Sulu\Content\Application\ContentResolver\Resolver\DimensionContentResolver">
            <argument type="service" id="property_accessor"/>

            <tag name="sulu_content.content_resolver" type="object"/>
        </service>

        <!-- Metadata Resolver -->
        <service id="sulu_content.metadata_resolver"
                 class="Sulu\Content\Application\MetadataResolver\MetadataResolver">
            <argument type="service" id="sulu_content.property_resolver_provider"/>
        </service>

        <!-- Property Resolvers -->
        <service id="sulu_content.property_resolver_provider"
                 class="Sulu\Content\Application\PropertyResolver\PropertyResolverProvider">
            <argument
                type="tagged_iterator"
                tag="sulu_content.property_resolver"
                default-index-method="getType"
                index-by="type"
            />
        </service>

        <service id="Sulu\Content\Application\PropertyResolver\PropertyResolverProviderInterface" alias="sulu_content.property_resolver_provider"/>

        <service id="sulu_content.hidden_block_visitor"
                 class="Sulu\Content\Application\PropertyResolver\BlockVisitor\HiddenBlockVisitor">

            <tag name="sulu_content.block_visitor"/>
        </service>

        <service id="sulu_content.schedule_block_visitor"
                 class="Sulu\Content\Application\PropertyResolver\BlockVisitor\ScheduleBlockVisitor">
            <argument type="service" id="sulu_core.webspace.request_analyzer" />
            <argument type="service" id="sulu_http_cache.cache_lifetime.request_store" on-invalid="null" />
            <tag name="sulu_content.block_visitor"/>
        </service>

        <service id="sulu_content.default_property_resolver"
                 class="Sulu\Content\Application\PropertyResolver\Resolver\DefaultPropertyResolver">

            <tag name="sulu_content.property_resolver"/>
        </service>

        <service id="sulu_content.block_property_resolver"
                 class="Sulu\Content\Application\PropertyResolver\Resolver\BlockPropertyResolver">
            <argument type="service" id="logger"/>
            <argument type="service" id="sulu_admin.metadata_provider_registry"/>
            <argument
                type="tagged_iterator"
                tag="sulu_content.block_visitor"
                default-index-method="getType"
                index-by="type"
            />
            <argument>%kernel.debug%</argument>

            <call method="setMetadataResolver">
                <argument type="service" id="sulu_content.metadata_resolver"/>
            </call>

            <tag name="sulu_content.property_resolver"/>
        </service>

        <service id="sulu_content.link_property_resolver"
                 class="Sulu\Content\Application\PropertyResolver\Resolver\LinkPropertyResolver">

            <tag name="sulu_content.property_resolver"/>
        </service>

        <service id="sulu_content.teaser_selection_property_resolver"
                 class="Sulu\Content\Application\PropertyResolver\Resolver\TeaserSelectionPropertyResolver">

            <tag name="sulu_content.property_resolver"/>
        </service>

        <service id="sulu_content.date_property_resolver"
                 class="Sulu\Content\Application\PropertyResolver\Resolver\DatePropertyResolver">

            <tag name="sulu_content.property_resolver"/>
        </service>

        <service id="sulu_content.datetime_property_resolver"
                 class="Sulu\Content\Application\PropertyResolver\Resolver\DateTimePropertyResolver">

            <tag name="sulu_content.property_resolver"/>
        </service>

        <service id="sulu_content.smart_content_property_resolver"
                 class="Sulu\Content\Application\PropertyResolver\Resolver\SmartContentPropertyResolver">
            <argument type="service" id="request_stack"/>
            <argument type="tagged_iterator" tag="sulu_content.smart_content_filters_visitor"/>

            <tag name="sulu_content.property_resolver"/>
        </service>

        <!--- SmartResolver -->
        <service id="sulu_content.smart_resolver_provider"
                 class="Sulu\Content\Application\SmartResolver\SmartResolverProvider">
            <argument
                type="tagged_locator"
                tag="sulu_content.smart_resolver"
                default-index-method="getType"
                index-by="type"
            />
        </service>

        <service id="sulu_content.smart_content_smart_resolver"
                 class="Sulu\Content\Application\SmartResolver\Resolver\SmartContentSmartResolver">
            <argument
                type="tagged_locator"
                tag="sulu_content.smart_content_provider"
                default-index-method="getType"
                index-by="type"
            />
            <argument type="service" id="sulu_audience_targeting.target_group_store" on-invalid="null"/>

            <tag name="sulu_content.smart_resolver" type="smart_content"/>
        </service>
    </services>
</container>
