<?xml version="1.0" ?>
<container xmlns="http://symfony.com/schema/dic/services"
           xmlns:xsi="http://www.w3.org/2001/XMLSchema-instance"
           xsi:schemaLocation="http://symfony.com/schema/dic/services http://symfony.com/schema/dic/services/services-1.0.xsd">
    <services>
        <!-- Resource Loader -->
        <service id="sulu_content.resource_loader_provider"
                 class="Sulu\Content\Application\ResourceLoader\ResourceLoaderProvider">
            <argument
                type="tagged_iterator"
                tag="sulu_content.resource_loader"
                default-index-method="getKey"
                index-by="key"
            />
        </service>

        <service id="sulu_content.link_resource_loader"
                 class="Sulu\Content\Application\ResourceLoader\Loader\LinkResourceLoader">
            <argument type="service" id="sulu_markup.link_tag.provider_pool"/>

            <tag name="sulu_content.resource_loader" key="link"/>
        </service>

        <service id="sulu_content.teaser_resource_loader"
        class="Sulu\Content\Application\ResourceLoader\Loader\TeaserResourceLoader">
            <argument type="service" id="sulu_admin.teaser_manager"/>

            <tag name="sulu_content.resource_loader" key="teaser"/>
        </service>
    </services>
</container>
