<?xml version="1.0" ?>
<container xmlns="http://symfony.com/schema/dic/services"
           xmlns:xsi="http://www.w3.org/2001/XMLSchema-instance"
           xsi:schemaLocation="http://symfony.com/schema/dic/services http://symfony.com/schema/dic/services/services-1.0.xsd">
    <services>
        <service id="sulu_content.metadata_loader" class="Sulu\Content\Infrastructure\Doctrine\MetadataLoader">
            <argument>%kernel.bundles%</argument>

            <!-- Priority 100 as the MetadataLoader need to be before the ResolveTargetEntityListener of Doctrine -->
            <tag name="doctrine.event_listener" event="loadClassMetadata" priority="100"/>
        </service>

        <service id="sulu_content.content_view_builder_factory" class="Sulu\Content\Infrastructure\Sulu\Admin\ContentViewBuilderFactory">
            <argument type="service" id="sulu_admin.view_builder_factory"/>
            <argument type="service" id="sulu_preview.preview_object_provider_registry"/>
            <argument type="service" id="sulu_content.content_metadata_inspector"/>
            <argument type="service" id="sulu_security.security_checker"/>
            <argument>%sulu_content.content_settings_forms%</argument>

            <tag name="sulu.context" context="admin"/>
        </service>
        <service id="Sulu\Content\Infrastructure\Sulu\Admin\ContentViewBuilderFactoryInterface" alias="sulu_content.content_view_builder_factory"/>

        <service
            id="sulu_content.webspace_select"
            class="Sulu\Content\Infrastructure\Sulu\Page\Select\WebspaceSelect"
            public="true"
        >
            <argument type="service" id="sulu_core.webspace.webspace_manager"/>
        </service>

        <!-- ContentMerger -->
        <service id="sulu_content.content_merger" class="Sulu\Content\Application\ContentMerger\ContentMerger">
            <argument type="tagged_iterator" tag="sulu_content.merger"/>
            <argument type="service" id="property_accessor"/>
        </service>

        <service id="Sulu\Content\Application\ContentMerger\ContentMergerInterface" alias="sulu_content.content_merger"/>

        <!-- TagFactory -->
        <service id="sulu_content.tag_factory" class="Sulu\Content\Infrastructure\Doctrine\TagFactory">
            <argument type="service" id="doctrine.orm.entity_manager"/>
            <argument type="service" id="sulu.repository.tag"/>
        </service>

        <!-- CategoryFactory -->
        <service id="sulu_content.category_factory" class="Sulu\Content\Infrastructure\Doctrine\CategoryFactory">
            <argument type="service" id="doctrine.orm.entity_manager"/>
        </service>

        <!-- ContactFactory -->
        <service id="sulu_content.contact_factory" class="Sulu\Content\Infrastructure\Doctrine\ContactFactory">
            <argument type="service" id="doctrine.orm.entity_manager"/>
        </service>

        <!-- Content Dimension Factory -->
        <service id="sulu_content.dimension_content_collection_factory" class="Sulu\Content\Application\DimensionContentCollectionFactory\DimensionContentCollectionFactory">
            <argument type="service" id="sulu_content.dimension_content_repository"/>
            <argument type="service" id="sulu_content.content_data_mapper"/>
            <argument type="service" id="property_accessor"/>
        </service>

        <service id="Sulu\Content\Domain\Factory\DimensionContentCollectionFactoryInterface" alias="sulu_content.dimension_content_collection_factory"/>

        <!-- Content Data Mapper -->
        <service id="sulu_content.content_data_mapper" class="Sulu\Content\Application\ContentDataMapper\ContentDataMapper">
            <argument type="tagged_iterator" tag="sulu_content.data_mapper"/>
        </service>

        <service id="Sulu\Content\Application\ContentDataMapper\ContentDataMapperInterface" alias="sulu_content.content_data_mapper"/>

        <!-- Content Metadata Inspector -->
        <service id="sulu_content.content_metadata_inspector" class="Sulu\Content\Application\ContentMetadataInspector\ContentMetadataInspector">
            <argument type="service" id="doctrine.orm.entity_manager"/>
        </service>

        <service id="Sulu\Content\Application\ContentMetadataInspector\ContentMetadataInspectorInterface" alias="sulu_content.content_metadata_inspector"/>

        <!-- Content Dimension Loader -->
        <service id="sulu_content.dimension_content_repository" class="Sulu\Content\Infrastructure\Doctrine\DimensionContentRepository">
            <argument type="service" id="doctrine.orm.entity_manager"/>
            <argument type="service" id="sulu_content.content_metadata_inspector"/>
            <argument type="service" id="sulu_content.dimension_content_query_enhancer"/>
        </service>

        <service id="Sulu\Content\Domain\Repository\DimensionContentRepositoryInterface" alias="sulu_content.dimension_content_repository"/>

        <service id="sulu_content.dimension_content_query_enhancer" class="Sulu\Content\Infrastructure\Doctrine\DimensionContentQueryEnhancer"/>

        <service id="Sulu\Content\Infrastructure\Doctrine\DimensionContentQueryEnhancer" alias="sulu_content.dimension_content_query_enhancer"/>

        <!-- Route Defaults Provider -->
        <service id="sulu_content.route_defaults_provider" class="Sulu\Content\Infrastructure\Sulu\Route\ContentRouteDefaultsProvider">
            <argument type="service" id="doctrine.orm.entity_manager"/>
            <argument type="service" id="sulu_content.content_aggregator"/>
            <argument type="service" id="sulu_admin.metadata_provider_registry"/>
            <argument type="service" id="sulu_http_cache.cache_lifetime.resolver"/>
            <argument type="service" id="sulu_http_cache.cache_lifetime.request_store"/>

            <tag name="sulu_route.route_defaults_provider" resource-key="examples"/>
            <tag name="sulu_route.route_defaults_provider" resource-key="pages"/>
        </service>

        <!-- Content Persister -->
        <service id="sulu_content.content_persister" class="Sulu\Content\Application\ContentPersister\ContentPersister">
            <argument type="service" id="sulu_content.dimension_content_collection_factory"/>
            <argument type="service" id="sulu_content.content_merger"/>
        </service>

        <service id="Sulu\Content\Application\ContentPersister\ContentPersisterInterface" alias="sulu_content.content_persister"/>

        <!-- Content Aggregator -->
        <service id="sulu_content.content_aggregator" class="Sulu\Content\Application\ContentAggregator\ContentAggregator">
            <argument type="service" id="sulu_content.dimension_content_repository"/>
            <argument type="service" id="sulu_content.content_merger"/>
        </service>
        <service id="Sulu\Content\Application\ContentAggregator\ContentAggregatorInterface" alias="sulu_content.content_aggregator"/>

        <!-- ContentNormalizer -->
        <service id="sulu_content.content_normalizer" class="Sulu\Content\Application\ContentNormalizer\ContentNormalizer">
            <argument type="tagged_iterator" tag="sulu_content.normalizer"/>
        </service>

        <service id="Sulu\Content\Application\ContentNormalizer\ContentNormalizerInterface" alias="sulu_content.content_normalizer"/>

        <!-- Content Copier -->
        <service id="sulu_content.content_copier" class="Sulu\Content\Application\ContentCopier\ContentCopier">
            <argument type="service" id="sulu_content.content_aggregator"/>
            <argument type="service" id="sulu_content.content_merger"/>
            <argument type="service" id="sulu_content.content_persister"/>
            <argument type="service" id="sulu_content.content_normalizer"/>
        </service>

        <service id="Sulu\Content\Application\ContentCopier\ContentCopierInterface" alias="sulu_content.content_copier"/>

        <!-- Content Workflow -->
        <service id="sulu_content.content_workflow" class="Sulu\Content\Application\ContentWorkflow\ContentWorkflow">
            <argument type="service" id="sulu_content.dimension_content_repository"/>
            <argument type="service" id="sulu_content.content_merger"/>
            <argument type="service" id="workflow.registry" on-invalid="null"/>
            <argument type="service" id="event_dispatcher"/>
        </service>

        <service id="Sulu\Content\Application\ContentWorkflow\ContentWorkflowInterface" alias="sulu_content.content_workflow" />

        <service id="sulu_content.publish_transition_subscriber" class="Sulu\Content\Application\ContentWorkflow\Subscriber\PublishTransitionSubscriber">
            <argument type="service" id="sulu_content.content_copier"/>

            <tag name="kernel.event_subscriber"/>
        </service>

        <service id="sulu_content.remove_draft_transition_subscriber" class="Sulu\Content\Application\ContentWorkflow\Subscriber\RemoveDraftTransitionSubscriber">
            <argument type="service" id="sulu_content.content_copier"/>

            <tag name="kernel.event_subscriber"/>
        </service>

        <service id="sulu_content.unpublish_transition_subscriber" class="Sulu\Content\Application\ContentWorkflow\Subscriber\UnpublishTransitionSubscriber">
            <argument type="service" id="sulu_content.dimension_content_repository"/>
            <argument type="service" id="doctrine.orm.entity_manager"/>

            <tag name="kernel.event_subscriber"/>
        </service>

        <!-- Cache Tag Subscriber -->
        <service id="sulu_content.dimension_content_tag_subscriber" class="Sulu\Content\Infrastructure\Sulu\HttpCache\EventSubscriber\DimensionContentTagSubscriber">
            <argument type="service" id="sulu_http_cache.reference_store"/>
            <argument type="service" id="request_stack"/>

            <tag name="sulu.context" context="website"/>
            <tag name="kernel.event_subscriber"/>
        </service>

        <!-- Content Manager -->
        <service id="sulu_content.content_manager" class="Sulu\Content\Application\ContentManager\ContentManager">
            <argument type="service" id="sulu_content.content_aggregator"/>
            <argument type="service" id="sulu_content.content_persister"/>
            <argument type="service" id="sulu_content.content_normalizer"/>
            <argument type="service" id="sulu_content.content_copier"/>
            <argument type="service" id="sulu_content.content_workflow"/>
        </service>

        <service id="Sulu\Content\Application\ContentManager\ContentManagerInterface" alias="sulu_content.content_manager"/>
    </services>
</container>
