<?xml version="1.0" ?>
<list xmlns="http://schemas.sulu.io/list-builder/list">
    <key>articles_versions</key>

    <joins name="dimensionContent">
        <join>
            <entity-name>dimensionContent</entity-name>
            <field-name>Sulu\Article\Domain\Model\ArticleInterface.dimensionContents</field-name>
            <method>INNER</method>
            <condition>dimensionContent.locale = :locale AND dimensionContent.stage = 'draft' AND dimensionContent.version > 0 AND Sulu\Article\Domain\Model\ArticleInterface.uuid = :id</condition>
        </join>
    </joins>

    <joins name="changer">
        <join>
            <entity-name>%sulu.model.user.class%</entity-name>
            <field-name>dimensionContent.changer</field-name>
        </join>
        <join>
            <entity-name>%sulu.model.contact.class%</entity-name>
            <field-name>%sulu.model.user.class%.contact</field-name>
        </join>
    </joins>

    <properties>
        <!-- TODO should be uuid not id -->
        <property name="id" translation="sulu_admin.uuid" visibility="never">
            <field-name>uuid</field-name>
            <entity-name>Sulu\Article\Domain\Model\ArticleInterface</entity-name>
        </property>

        <property name="title" translation="sulu_admin.title" visibility="always" sortable="false">
            <field-name>title</field-name>
            <entity-name>dimensionContent</entity-name>

            <joins ref="dimensionContent"/>

            <transformer type="title"/>
        </property>

        <property name="version" translation="sulu_admin.published" visibility="always" sortable="false">
            <field-name>version</field-name>
            <entity-name>dimensionContent</entity-name>

            <transformer type="datetime"/>
        </property>

        <concatenation-property name="changer" glue=" " translation="sulu_admin.changer" visibility="always" sortable="false">
            <field>
                <field-name>firstName</field-name>
                <entity-name>%sulu.model.contact.class%</entity-name>

                <joins ref="changer"/>
            </field>
            <field>
                <field-name>lastName</field-name>
                <entity-name>%sulu.model.contact.class%</entity-name>

                <joins ref="changer"/>
            </field>
        </concatenation-property>
    </properties>
</list>
