<?xml version="1.0" encoding="utf-8"?>
<doctrine-mapping xmlns="http://doctrine-project.org/schemas/orm/doctrine-mapping"
                  xmlns:xsi="http://www.w3.org/2001/XMLSchema-instance"
                  xsi:schemaLocation="http://doctrine-project.org/schemas/orm/doctrine-mapping http://doctrine-project.org/schemas/orm/doctrine-mapping.xsd">
    <mapped-superclass
        name="Sulu\Article\Domain\Model\ArticleDimensionContent"
        table="ar_article_dimension_contents"
    >
        <id name="id" type="integer" column="id">
            <generator strategy="AUTO"/>
        </id>

        <field name="title" type="string" column="title" length="191" nullable="true"/>

        <many-to-one field="article" target-entity="Sulu\Article\Domain\Model\ArticleInterface" inversed-by="dimensionContents">
            <join-columns>
                <join-column name="articleUuid" referenced-column-name="uuid" on-delete="CASCADE" nullable="false"/>
            </join-columns>
        </many-to-one>
    </mapped-superclass>
</doctrine-mapping>
