{
    "forbidden": [
        {
            "name": "components-not-to-containers",
            "severity": "error",
            "from": {"path": "js/components"},
            "to": {"path": "containers"}
        },
        {
            "name": "components-not-to-services",
            "severity": "error",
            "from": {"path": "js/components"},
            "to": {"path": "services"}
        },
        {
            "name": "components-not-to-stores",
            "severity": "error",
            "from": {"path": "js/components"},
            "to": {"path": "stores"}
        },
        {
            "name": "components-not-to-views",
            "severity": "error",
            "from": {"path": "js/components"},
            "to": {"path": "views"}
        },
        {
            "name": "containers-not-to-views",
            "severity": "error",
            "from": {"path": "js/containers"},
            "to": {"path": "views"}
        },
        {
            "name": "services-not-to-components",
            "severity": "error",
            "from": {"path": "js/services"},
            "to": {"path": "components"}
        },
        {
            "name": "services-not-to-containers",
            "severity": "error",
            "from": {"path": "js/services"},
            "to": {"path": "containers"}
        },
        {
            "name": "services-not-to-views",
            "severity": "error",
            "from": {"path": "js/services"},
            "to": {"path": "views"}
        },
        {
            "name": "stores-not-to-components",
            "severity": "error",
            "from": {"path": "js/stores"},
            "to": {"path": "components"}
        },
        {
            "name": "stores-not-to-containers",
            "severity": "error",
            "from": {"path": "js/stores"},
            "to": {"path": "containers"}
        },
        {
            "name": "stores-not-to-views",
            "severity": "error",
            "from": {"path": "js/stores"},
            "to": {"path": "views"}
        },
        {
            "name": "sulu-admin-bundle-not-to-other-sulu-bundles",
            "severity": "error",
            "from": {"path": "src/Sulu/Bundle/AdminBundle/Resources/js"},
            "to": {"path": "src\\/Sulu\\/Bundle\\/(?!AdminBundle)(.*)Bundle\\/Resources\\/js"}
        },
        {
            "name": "sulu-admin-bundle-not-to-other-sulu-bundles-2",
            "severity": "error",
            "from": {"path": "src/Sulu/Bundle/AdminBundle/Resources/js"},
            "to": {"path": "packages\\/(?!admin)(.*)\\/assets\\/js"}
        }
    ]
}
