<?xml version="1.0" encoding="utf-8"?>
<doctrine-mapping xmlns="http://doctrine-project.org/schemas/orm/doctrine-mapping"
      xmlns:xsi="https://www.w3.org/2001/XMLSchema-instance"
      xsi:schemaLocation="http://doctrine-project.org/schemas/orm/doctrine-mapping
                          https://www.doctrine-project.org/schemas/orm/doctrine-mapping.xsd">
    <mapped-superclass name="Sulu\CustomUrl\Domain\Model\CustomUrlRoute" table="cu_custom_url_route">
        <id name="uuid" type="string" column="uuid">
            <generator strategy="NONE"/>
        </id>

        <field name="path" type="string" />
        <field name="history" type="boolean">
            <options>
                <option name="default">0</option>
            </options>
        </field>

        <many-to-one field="customUrl" target-entity="Sulu\CustomUrl\Domain\Model\CustomUrlInterface" inversed-by="routes">
            <join-column name="customUrl" referenced-column-name="uuid" nullable="false" on-delete="cascade" />
         </many-to-one>

        <many-to-one field="targetRoute" target-entity="Sulu\CustomUrl\Domain\Model\CustomUrlRouteInterface">
            <join-column name="target_route_uuid" referenced-column-name="uuid" nullable="true" on-delete="cascade" />
        </many-to-one>

        <indexes>
            <index name="custom_url_route_path_idx" fields="path" />
            <index name="custom_url_route_history_idx" fields="history" />
        </indexes>
        <unique-constraints>
            <unique-constraint name="cu_custom_url_route_unique" fields="path" />
        </unique-constraints>
    </mapped-superclass>
</doctrine-mapping>
