<?xml version="1.0" encoding="utf-8"?>
<doctrine-mapping xmlns="http://doctrine-project.org/schemas/orm/doctrine-mapping"
    xmlns:xsi="https://www.w3.org/2001/XMLSchema-instance"
    xsi:schemaLocation="http://doctrine-project.org/schemas/orm/doctrine-mapping
     https://www.doctrine-project.org/schemas/orm/doctrine-mapping.xsd">
    <mapped-superclass name="Sulu\CustomUrl\Domain\Model\CustomUrl" table="cu_custom_url">
        <indexes>
            <index columns="webspace" />
        </indexes>

        <id name="uuid" type="string" column="uuid">
            <generator strategy="NONE"/>
        </id>

        <field name="title" type="string" unique="true" />
        <field name="published" type="boolean" />
        <field name="baseDomain" type="string" />
        <field name="webspace" type="string" />
        <field name="domainParts" type="json" />
        <field name="targetDocument" type="string" nullable="true" />
        <field name="targetLocale" type="string" />
        <field name="canonical" type="boolean" />
        <field name="redirect" type="boolean" />
        <field name="noFollow" type="boolean" />
        <field name="noIndex" type="boolean" />

        <one-to-many field="routes" target-entity="Sulu\CustomUrl\Domain\Model\CustomUrlRouteInterface" mapped-by="customUrl" fetch="EXTRA_LAZY" orphan-removal="true">
            <cascade>
                <cascade-all/>
            </cascade>
        </one-to-many>
    </mapped-superclass>
</doctrine-mapping>
